{
  "id": "distributor-getDistInfo",
  "name": "Distributor.getDistInfo",
  "description": "Returns All Distributor Information",
  "inputs": [
    {
      "fieldname": "DISTID",
      "type": "Numeric",
      "notes": "Distributor ID Number"
    }
  ],
  "outputs": [
    {
      "fieldname": "ADDR",
      "type": "String",
      "notes": "Address Line 1"
    },
    {
      "fieldname": "ADDR_2",
      "type": "String",
      "notes": "Address Line 2"
    },
    {
      "fieldname": "ADDR_3",
      "type": "String",
      "notes": "Address Line 3"
    },
    {
      "fieldname": "ADDR_4",
      "type": "String",
      "notes": "Address Line 4"
    },
    {
      "fieldname": "AMOUNT_1",
      "type": "Numeric",
      "notes": "Balance Amount"
    },
    {
      "fieldname": "BILL_NEXT_DATE",
      "type": "Date",
      "notes": "Subscription Billing Date"
    },
    {
      "fieldname": "BIRTH_DATE",
      "type": "Date",
      "notes": "Birth Date"
    },
    {
      "fieldname": "CELL_PHONE",
      "type": "Numeric",
      "notes": "Cell Number"
    },
    {
      "fieldname": "CHS_ALPHA_1",
      "type": "String",
      "notes": "Custom Field Alpha"
    },
    {
      "fieldname": "CHS_ALPHA_10",
      "type": "String",
      "notes": "Custom Field Alpha"
    },
    {
      "fieldname": "CHS_ALPHA_11",
      "type": "String",
      "notes": "Custom Field Alpha"
    },
    {
      "fieldname": "CHS_ALPHA_12",
      "type": "String",
      "notes": "Custom Field Alpha"
    },
    {
      "fieldname": "CHS_ALPHA_2",
      "type": "String",
      "notes": "Custom Field Alpha"
    },
    {
      "fieldname": "CHS_ALPHA_3",
      "type": "String",
      "notes": "Custom Field Alpha"
    },
    {
      "fieldname": "CHS_ALPHA_4",
      "type": "String",
      "notes": "Custom Field Alpha"
    },
    {
      "fieldname": "CHS_ALPHA_5",
      "type": "String",
      "notes": "Custom Field Alpha"
    },
    {
      "fieldname": "CHS_ALPHA_6",
      "type": "String",
      "notes": "Custom Field Alpha"
    },
    {
      "fieldname": "CHS_ALPHA_7",
      "type": "String",
      "notes": "Custom Field Alpha"
    },
    {
      "fieldname": "CHS_ALPHA_8",
      "type": "String",
      "notes": "Custom Field Alpha"
    },
    {
      "fieldname": "CHS_ALPHA_9",
      "type": "String",
      "notes": "Custom Field Alpha"
    },
    {
      "fieldname": "CHS_AMOUNT_1",
      "type": "Numeric",
      "notes": "Custom Amount Field"
    },
    {
      "fieldname": "CHS_AMOUNT_2",
      "type": "Numeric",
      "notes": "Custom Amount Field"
    },
    {
      "fieldname": "CHS_AMOUNT_3",
      "type": "Numeric",
      "notes": "Custom Amount Field"
    },
    {
      "fieldname": "CHS_AMOUNT_4",
      "type": "Numeric",
      "notes": "Custom Amount Field"
    },
    {
      "fieldname": "CHS_AMOUNT_5",
      "type": "Numeric",
      "notes": "Custom Amount Field"
    },
    {
      "fieldname": "CHS_AMOUNT_6",
      "type": "Numeric",
      "notes": "Custom Amount Field"
    },
    {
      "fieldname": "CHS_DATE_1",
      "type": "Date",
      "notes": "Custom Date Field"
    },
    {
      "fieldname": "CHS_DATE_2",
      "type": "Date",
      "notes": "Custom Date Field"
    },
    {
      "fieldname": "CHS_DATE_3",
      "type": "Date",
      "notes": "Custom Date Field"
    },
    {
      "fieldname": "CHS_DATE_4",
      "type": "Date",
      "notes": "Custom Date Field"
    },
    {
      "fieldname": "CHS_DATE_5",
      "type": "Date",
      "notes": "Custom Date Field"
    },
    {
      "fieldname": "CHS_DATE_6",
      "type": "Date",
      "notes": "Custom Date Field"
    },
    {
      "fieldname": "CITY",
      "type": "String",
      "notes": "Distributor City"
    },
    {
      "fieldname": "COMPANY_DEF_ID",
      "type": "Numeric",
      "notes": "Alternate ID defined by company"
    },
    {
      "fieldname": "COUNTRY_CODE",
      "type": "String",
      "notes": "3 Letter Country Code"
    },
    {
      "fieldname": "DATE_1",
      "type": "Date",
      "notes": "Date Field"
    },
    {
      "fieldname": "DATE_2",
      "type": "Date",
      "notes": "Date Field"
    },
    {
      "fieldname": "DISPLAY_NAME_1",
      "type": "String",
      "notes": "Language Converted Display Name"
    },
    {
      "fieldname": "DISPLAY_NAME_2",
      "type": "String",
      "notes": "Language Converted Display Name"
    },
    {
      "fieldname": "DIST_ID",
      "type": "Numeric",
      "notes": "Distributor ID"
    },
    {
      "fieldname": "DIST_STATUS",
      "type": "String",
      "notes": "Distributor Status ("
    },
    {
      "fieldname": "EMAIL_ADDR",
      "type": "String",
      "notes": "Email Address"
    },
    {
      "fieldname": "ENROLLER_ID",
      "type": "Numeric",
      "notes": "Enroller ID"
    },
    {
      "fieldname": "ENTRY_DATE",
      "type": "Date",
      "notes": "Date Entered"
    },
    {
      "fieldname": "FAX_PHONE",
      "type": "Numeric",
      "notes": "Fax Number"
    },
    {
      "fieldname": "FLAG_1",
      "type": "String(1)",
      "notes": "Company Defined Flag Field"
    },
    {
      "fieldname": "FLAG_10",
      "type": "String",
      "notes": "Company Defined Flag Field"
    },
    {
      "fieldname": "FLAG_11",
      "type": "String",
      "notes": "Company Defined Flag Field"
    },
    {
      "fieldname": "FLAG_12",
      "type": "String",
      "notes": "Company Defined Flag Field"
    },
    {
      "fieldname": "FLAG_13",
      "type": "String",
      "notes": "Company Defined Flag Field"
    },
    {
      "fieldname": "FLAG_14",
      "type": "String",
      "notes": "Company Defined Flag Field"
    },
    {
      "fieldname": "FLAG_15",
      "type": "String",
      "notes": "Company Defined Flag Field"
    },
    {
      "fieldname": "FLAG_16",
      "type": "String",
      "notes": "Company Defined Flag Field"
    },
    {
      "fieldname": "FLAG_17",
      "type": "String",
      "notes": "Company Defined Flag Field"
    },
    {
      "fieldname": "FLAG_18",
      "type": "String",
      "notes": "Company Defined Flag Field"
    },
    {
      "fieldname": "FLAG_19",
      "type": "String",
      "notes": "Company Defined Flag Field"
    },
    {
      "fieldname": "FLAG_2",
      "type": "String",
      "notes": "Company Defined Flag Field"
    },
    {
      "fieldname": "FLAG_20",
      "type": "String",
      "notes": "Company Defined Flag Field"
    },
    {
      "fieldname": "FLAG_3",
      "type": "String",
      "notes": "Company Defined Flag Field"
    },
    {
      "fieldname": "FLAG_4",
      "type": "String",
      "notes": "Company Defined Flag Field"
    },
    {
      "fieldname": "FLAG_5",
      "type": "String",
      "notes": "Company Defined Flag Field"
    },
    {
      "fieldname": "FLAG_6",
      "type": "String",
      "notes": "Company Defined Flag Field"
    },
    {
      "fieldname": "FLAG_7",
      "type": "String",
      "notes": "Company Defined Flag Field"
    },
    {
      "fieldname": "FLAG_8",
      "type": "String",
      "notes": "Company Defined Flag Field"
    },
    {
      "fieldname": "FLAG_9",
      "type": "String",
      "notes": "Company Defined Flag Field"
    },
    {
      "fieldname": "GEO_CODE",
      "type": "String",
      "notes": "Geo Location Code"
    },
    {
      "fieldname": "GOVERNMENT_ID",
      "type": "String",
      "notes": "Government ID"
    },
    {
      "fieldname": "HOME_PHONE",
      "type": "Numeric",
      "notes": "Home Phone Number"
    },
    {
      "fieldname": "LANGUAGE",
      "type": "String",
      "notes": "Preferred Language (3 letter code)"
    },
    {
      "fieldname": "NATIVE_NAME_1",
      "type": "String",
      "notes": "Name in Native Language"
    },
    {
      "fieldname": "NATIVE_NAME_2",
      "type": "String",
      "notes": "Name in Native Language"
    },
    {
      "fieldname": "NEXT_RENEW_DATE",
      "type": "Date",
      "notes": "Renewal Date"
    },
    {
      "fieldname": "PASS_WORD",
      "type": "String",
      "notes": "Shopping Cart Password"
    },
    {
      "fieldname": "PICKUP_CENTER",
      "type": "String",
      "notes": "Preferred Pickup Center"
    },
    {
      "fieldname": "POSTAL_CODE",
      "type": "String",
      "notes": "Country Postal Code"
    },
    {
      "fieldname": "QERROR",
      "type": "String",
      "notes": "Generic Error Field"
    },
    {
      "fieldname": "ROMAN_NAME_1",
      "type": "String",
      "notes": "Name in English"
    },
    {
      "fieldname": "ROMAN_NAME_2",
      "type": "String",
      "notes": "Name in English"
    },
    {
      "fieldname": "SKYPE_ID",
      "type": "String",
      "notes": "Skype ID"
    },
    {
      "fieldname": "SPONSOR_DIST_ID",
      "type": "Numeric",
      "notes": "Sponsor ID"
    },
    {
      "fieldname": "STATE",
      "type": "String",
      "notes": "State/Province Field"
    },
    {
      "fieldname": "STATUS",
      "type": "String",
      "notes": "Distributor Status ("
    },
    {
      "fieldname": "SUBSCRIPTION_STATUS",
      "type": "String",
      "notes": "Evo Subscription Status"
    },
    {
      "fieldname": "TT_PASSWORD",
      "type": "String",
      "notes": ""
    },
    {
      "fieldname": "VALID_DRF",
      "type": "Boolean",
      "notes": "Valid Bank Draft Record Flag"
    },
    {
      "fieldname": "WORK_PHONE",
      "type": "Numeric",
      "notes": "Work Phone Number"
    }
  ]
}