{
  "id": "distributor-getBankInfo",
  "name": "Distributor.getBankInfo",
  "description": "Returns Direct Deposit Information",
  "inputs": [
    {
      "fieldname": "DISTID",
      "type": "Numeric",
      "notes": "Distributor ID Number"
    }
  ],
  "outputs": [
    {
      "fieldname": "DRF",
      "type": "Boolean",
      "notes": "True or False"
    },
    {
      "fieldname": "DRF_ACCT",
      "type": "Numeric",
      "notes": "Encrypted Account Number"
    }
  ]
}