{
  "id": "messagebox-setBroadcast",
  "name": "MessageBox.setBroadcast",
  "description": "Sends message and returns numbers of how many will be sent to",
  "inputs": [
    {
      "fieldname": "distId",
      "type": "Numeric",
      "notes": "Distributor ID Number"
    },
    {
      "fieldname": "isCorp",
      "type": "String",
      "notes": "Yes or No are valied values. Used to send corporate broadcast messages"
    },
    {
      "fieldname": "broadcastGroup",
      "type": "String",
      "notes": "Group ID to send broadcast to"
    },
    {
      "fieldname": "broadcastQuery",
      "type": "String",
      "notes": "Query string combined with a group"
    },
    {
      "fieldname": "valuePairs",
      "type": "String",
      "notes": "Parameter driving value that will replace %VALUE% within the query string"
    },
    {
      "fieldname": "broadcastList",
      "type": "String",
      "notes": "a comma separated list of IDs of recipients"
    },
    {
      "fieldname": "broadcastMessageId",
      "type": "Numeric",
      "notes": "A message ID used for reply"
    },
    {
      "fieldname": "broadcastFilter",
      "type": "String",
      "notes": "Filter criteria to limit who is receiving the broadcast"
    },
    {
      "fieldname": "fields",
      "type": "String",
      "notes": "Overwrites the default returns fields from the broadcast"
    },
    {
      "fieldname": "reqFields",
      "type": "String",
      "notes": "Field Validiation"
    },
    {
      "fieldname": "primaryMessage",
      "type": "String",
      "notes": "The message text"
    },
    {
      "fieldname": "primaryMessageType",
      "type": "String",
      "notes": "What type of message (quoted text, mp3 file, html file, pdf file)"
    },
    {
      "fieldname": "test",
      "type": "String",
      "notes": "Yes or No. Test will return the number of people the message will be sent to"
    },
    {
      "fieldname": "fileId",
      "type": "String",
      "notes": "Broadcast ID returned from running a test. Increases efficiency"
    },
    {
      "fieldname": "title",
      "type": "String",
      "notes": "Title of the message"
    },
    {
      "fieldname": "urgent",
      "type": "Boolean",
      "notes": "Yes or No. Marks the message as urgent"
    },
    {
      "fieldname": "reply",
      "type": "String",
      "notes": "Yes or No. Sets whether or not users can reply to message"
    },
    {
      "fieldname": "forward",
      "type": "String",
      "notes": "Yes or No. Sets whether or not the message can be forwarded."
    },
    {
      "fieldname": "attachment",
      "type": "String",
      "notes": "Local attachment being sent with the message"
    },
    {
      "fieldname": "attachmentType",
      "type": "String",
      "notes": "Attachment type (Quoted Text, MP3 File, PDF File, Voicecast Message)"
    },
    {
      "fieldname": "originalMessageId",
      "type": "Numeric",
      "notes": "Message ID returned from getMessageList"
    },
    {
      "fieldname": "requestVerifyGenealogy",
      "type": "String",
      "notes": "Yes or No. Sets if genealogy validation is requested"
    },
    {
      "fieldname": "tVersion",
      "type": "String",
      "notes": "Version of fasttree to use (default to EVO.1.3"
    },
    {
      "fieldname": "notifyForm",
      "type": "String",
      "notes": "Specify how to notify"
    },
    {
      "fieldname": "scheduled",
      "type": "String",
      "notes": "Schedule when the message will be sent"
    },
    {
      "fieldname": "expire",
      "type": "String",
      "notes": "When message will expire"
    }
  ],
  "outputs": [
    {
      "fieldname": "bCount",
      "type": "Numeric",
      "notes": "Count of people in downline that will NOT receive message"
    },
    {
      "fieldname": "count",
      "type": "Numeric",
      "notes": "Total Count"
    },
    {
      "fieldname": "fileId",
      "type": "String",
      "notes": "Message File ID"
    },
    {
      "fieldname": "gCount",
      "type": "Numeric",
      "notes": "Count of people in downline that message will be delivered to"
    },
    {
      "fieldname": "status",
      "type": "String",
      "notes": "PASS or FAIL"
    }
  ]
}