{
  "ord_whs_adr4": "",
  "discount_amount": 0.0,
  "end_date": "2023/09/26",
  "ord_ent_tm": "05:36:57",
  "discount_percent": 0.0,
  "ship_to_email": "Alan.Benjamin@fakeemail.com",
  "DST_Company_Def_ID": "",
  "pv_mm": 2.0,
  "pv_yy": 2012.0,
  "amount_received": 204.99,
  "DST_Addr": "389 North 4152 East",
  "DST_Roman_Name_2": "",
  "ord_ent_dt": "2013/09/26",
  "DST_Roman_Name_1": "Benjamin, Alan",
  "total_taxable_amount": 0.0,
  "shv_desc": "Ground",
  "sales_amount": 200.0,
  "DST_Home_Phone": 8635556554,
  "ship_to_name": "Benjamin, Alan",
  "comment_6": "",
  "comment_4": "",
  "freight_amount": 4.99,
  "comment_5": "",
  "comment_2": "",
  "pv_amount": 200.0,
  "cou": "USA",
  "comment_3": "",
  "comment_1": "** Internet Order **",
  "price_6": 0.0,
  "ship_to_city_limits": "",
  "sales_tax": 0.0,
  "date_last_gen": "0000/00/00",
  "ord_whs_country_code": "USA",
  "discount_on": 0.0,
  "DST_Native_Name_1": "Benjamin, Alan",
  "start_date": "2013/09/26",
  "total_invoice_amt": 204.99,
  "geo": "",
  "DST_Addr_2": "",
  "DST_Native_Name_2": "",
  "trk_no": "",
  "DST_Addr_3": "test city, WA 98382",
  "ord_ent_op": "*WW",
  "ship_to_addr_4": "",
  "ship_to_addr_3": "test city, WA 98382",
  "ship_to_addr_2": "",
  "shv": 1.0,
  "ship_to_addr_1": "389 North 4152 East",
  "ord_whs_st": "",
  "ship_to_city": "test city",
  "odh_number": 3.0,
  "status": 1.0,
  "price_lvl": 1.0,
  "DST_Addr_4": "",
  "ship_day": 1.0,
  "whs": 1.0,
  "ord_pst_dt": "0000/00/00",
  "dsc_amt": 0.0,
  "Currency_Name": "US Dollar",
  "dsc_on": 0.0,
  "dsc_pct": 0.0,
  "ord_whs_zip": "",
  "ship_to_country": "USA",
  "cv_amount": 200.0,
  "ship_to_spouse": "",
  "DST_Country_Code": "USA",
  "auto_next_run_date": "2013/09/26",
  "form_type": "W",
  "misc_charge_5": 0.0,
  "misc_charge_4": 0.0,
  "misc_charge_1": 0.0,
  "tax_percent": 0.0,
  "Freight_Taxable": "",
  "misc_charge_3": 0.0,
  "misc_charge_2": 0.0,
  "auto_batch": 26.0,
  "errors": "",
  "DST_Display_Name_2": "",
  "DST_Display_Name_1": "Benjamin, Alan",
  "dist_id_number": 1004.0,
  "ship_to_phone": 8635556554,
  "currency": "USD",
  "ord_whs_nm1": "Main",
  "odl": [
    {
      "ITU_Category": 0.0,
      "price_6": 0.0,
      "ITU_Sub_Category": 0.0,
      "item_name_2": "",
      "item_name_1": "Age Defying Face Cream",
      "Line_Lock": "",
      "price_4": 100.0,
      "kit_flag": "",
      "price_2": 100.0,
      "errln_flg": "",
      "kit_com_price": "",
      "qty_ordered": 2.0,
      "qty_shipped": 0.0,
      "item_code": 2000,
      "sales_price": 100.0,
      "plv": 0.0
    }
  ],
  "invoice_balance": 0.0,
  "Dist_Status": "D",
  "ord_whs_adr3": "Orem, UT 84097-8078",
  "ord_whs_adr2": "",
  "odp": [
    {
      "reference_num": "",
      "receipt_name": "Credit Card",
      "Bill_State": "UT",
      "Bill_Addr1": "348 W. 730 S.",
      "Bill_Addr2": "",
      "Bill_Addr3": "",
      "amount_recd": 204.99,
      "Bill_Phone": 8016547899,
      "pre_auth_transit": "",
      "receipt_type": 3.0,
      "cc_exp_yy": 2015.0,
      "name_on_card": "info",
      "Bill_First_Name": "Jake",
      "cc_exp_mm": 1.0,
      "Bill_Country_Code": "USA",
      "Bill_Email": "",
      "Bill_City": "Orem",
      "check_cc_acct": "A^maNPqVN9ViI-9011",
      "cc_type_desc": "Visa",
      "cc_type": "V",
      "Bill_Last_Name": "Stowell",
      "Bill_Zip": 84058
    }
  ],
  "ord_whs_adr1": "1875 S State St",
  "ord_shv_nm": "Ground",
  "ship_to_state": "WA",
  "misc_charges": 0.0,
  "ship_to_zip": 98382
}