{
  "ROWCOUNT": 10,
  "COLUMNS": [
    "PV_DATE",
    "BEG_BAL",
    "PV_YEAR",
    "TRAN_NUMBER",
    "PV_AMOUNT",
    "CV_AMOUNT",
    "TRAN_AMOUNT",
    "BAL_AMT",
    "DATE",
    "NAME_ABR",
    "COU",
    "DESC",
    "TYPE",
    "POSTED"
  ],
  "DATA": {
    "PV_DATE": [
      201309,
      201309,
      201310,
      201310,
      201311,
      201311,
      201312,
      201312,
      201312,
      201312
    ],
    "BEG_BAL": [
      0,
      0,
      0,
      0,
      0,
      0,
      0,
      0,
      0,
      0
    ],
    "PV_YEAR": [
      2013,
      2013,
      2013,
      2013,
      2013,
      2013,
      2013,
      2013,
      2013,
      2013
    ],
    "TRAN_NUMBER": [
      112135,
      112135,
      118165,
      118165,
      123979,
      123979,
      130506,
      130506,
      900128825,
      900128826
    ],
    "PV_AMOUNT": [
      25,
      0,
      100,
      0,
      25,
      0,
      100,
      0,
      0,
      0
    ],
    "CV_AMOUNT": [
      25,
      0,
      100,
      0,
      25,
      0,
      100,
      0,
      0,
      0
    ],
    "TRAN_AMOUNT": [
      28.71,
      -28.71,
      110.84,
      -110.84,
      28.71,
      -28.71,
      110.84,
      -110.84,
      -22418.32,
      22418.32
    ],
    "BAL_AMT": [
      28.71,
      0,
      110.84,
      0,
      28.71,
      0,
      110.84,
      0,
      -22418.32,
      0
    ],
    "DATE": [
      "2013/09/16",
      "2013/09/16",
      "2013/10/17",
      "2013/10/17",
      "2013/11/13",
      "2013/11/13",
      "2013/12/14",
      "2013/12/14",
      "2014/02/10",
      "2014/02/10"
    ],
    "NAME_ABR": [
      "Sep2013",
      "Sep2013",
      "Oct2013",
      "Oct2013",
      "Nov2013",
      "Nov2013",
      "Dec2013",
      "Dec2013",
      "Dec2013",
      "Dec2013"
    ],
    "COU": [
      "USA",
      "USA",
      "USA",
      "USA",
      "USA",
      "USA",
      "USA",
      "USA",
      "USA",
      "USA"
    ],
    "DESC": [
      "Benjamin, Alan",
      "Cash",
      "Benjamin, Alan",
      "Cash",
      "Benjamin, Alan",
      "Cash",
      "Benjamin, Alan",
      "Cash",
      "Primary Bonus Earnings",
      "Primary Bonus Payment"
    ],
    "TYPE": [
      "I",
      "P",
      "I",
      "P",
      "I",
      "P",
      "I",
      "P",
      "BE",
      "BP"
    ],
    "POSTED": [
      "Y",
      "Y",
      "Y",
      "Y",
      "Y",
      "Y",
      "Y",
      "Y",
      "Y",
      "Y"
    ]
  }
}