{
  "ord_whs_adr4": "",
  "discount_amount": 0.0,
  "ord_ent_tm": "15:34:21",
  "discount_percent": 0.0,
  "ship_to_email": "qwert@gmail.com",
  "DST_Company_Def_ID": "",
  "pv_mm": 2.0,
  "pv_yy": 2014.0,
  "amount_received": 165.36,
  "DST_Addr": "1875 S State St",
  "DST_Roman_Name_2": "",
  "ord_ent_dt": "2014/04/30",
  "DST_Roman_Name_1": "Goodwin, Jaquan",
  "total_taxable_amount": 150.0,
  "shv_desc": "Ground",
  "sales_amount": 150.0,
  "DST_Home_Phone": 5815556192,
  "ship_to_name": "Goodwin, Jaquan",
  "comment_6": "",
  "comment_4": "",
  "freight_amount": 4.99,
  "comment_5": "",
  "pv_amount": 150.0,
  "cou": "USA",
  "comment_2": "",
  "comment_3": "",
  "comment_1": "** Internet Order **",
  "price_6": 0.0,
  "sales_tax": 10.37,
  "ord_whs_country_code": "USA",
  "discount_on": 0.0,
  "DST_Native_Name_1": "Goodwin, Jaquan",
  "total_invoice_amt": 165.36,
  "geo": "",
  "DST_Addr_2": "",
  "DST_Native_Name_2": "",
  "trk_no": "",
  "DST_Addr_3": "Orem, UT 84097-8078",
  "ord_ent_op": "*WB",
  "ship_to_addr_4": "",
  "ship_to_addr_3": "Orem, UT 84097-8078",
  "ship_to_addr_2": "suite 3000",
  "shv": 1.0,
  "ship_to_addr_1": "1875 S State St",
  "ord_whs_st": "",
  "ship_to_city": "Orem",
  "odh_number": 136017.0,
  "status": 2.0,
  "price_lvl": 1.0,
  "DST_email_addr": "qwert@gmail.com",
  "DST_Addr_4": "",
  "whs": 1.0,
  "ord_pst_dt": "0000/00/00",
  "dsc_amt": 0.0,
  "ord_whs_zip": "",
  "ship_to_country": "USA",
  "cv_amount": 150.0,
  "ship_to_spouse": "",
  "DST_Country_Code": "USA",
  "form_type": "I",
  "misc_charge_5": 0.0,
  "misc_charge_4": 0.0,
  "misc_charge_1": 0.0,
  "tax_percent": 6.91,
  "Freight_Taxable": "",
  "misc_charge_3": 0.0,
  "misc_charge_2": 0.0,
  "errors": "",
  "DST_Display_Name_2": "",
  "flag_6": "",
  "DST_Display_Name_1": "Goodwin, Jaquan",
  "dist_id_number": 1002.0,
  "ship_to_phone": 5815556192,
  "currency": "USD",
  "ord_whs_nm1": "Main",
  "odl": [
    {
      "ITU_Category": 0.0,
      "price_6": 0.0,
      "ITU_Sub_Category": 0.0,
      "item_name_2": "",
      "item_name_1": "Medicine Ball - 4lbs",
      "line_lock": "",
      "kit_flag": "",
      "price_2": 30.0,
      "errln_flg": "",
      "kit_com_price": "",
      "qty_ordered": 1.0,
      "qty_shipped": 1.0,
      "item_code": 5001,
      "qty_bo_filled": 0.0,
      "sales_price": 30.0,
      "plv": 1.0
    },
    {
      "ITU_Category": 0.0,
      "price_6": 0.0,
      "ITU_Sub_Category": 0.0,
      "item_name_2": "",
      "item_name_1": "Organic Protein Bars",
      "line_lock": "",
      "kit_flag": "",
      "price_2": 20.0,
      "errln_flg": "",
      "kit_com_price": "",
      "qty_ordered": 1.0,
      "qty_shipped": 1.0,
      "item_code": 3001,
      "qty_bo_filled": 0.0,
      "sales_price": 20.0,
      "plv": 1.0
    },
    {
      "ITU_Category": 0.0,
      "price_6": 0.0,
      "ITU_Sub_Category": 0.0,
      "item_name_2": "",
      "item_name_1": "Age Defying Face Cream",
      "line_lock": "",
      "kit_flag": "",
      "price_2": 100.0,
      "errln_flg": "",
      "kit_com_price": "",
      "qty_ordered": 1.0,
      "qty_shipped": 1.0,
      "item_code": 2000,
      "qty_bo_filled": 0.0,
      "sales_price": 100.0,
      "plv": 1.0
    }
  ],
  "invoice_balance": 0.0,
  "Dist_Status": "D",
  "ord_whs_adr3": "Orem, UT 84097-8078",
  "ord_whs_adr2": "",
  "odp": [
    {
      "reference_num": "",
      "receipt_name": "Invalid Type",
      "Bill_State": "AL",
      "Bill_Addr1": "123 test address",
      "Bill_Addr2": "",
      "Bill_Addr3": "",
      "amount_recd": 165.36,
      "Bill_Phone": 5815556192,
      "pre_auth_transit": "",
      "receipt_type": 18.0,
      "cc_exp_yy": 2014.0,
      "name_on_card": "test",
      "Bill_First_Name": "test",
      "cc_exp_mm": 1.0,
      "Bill_Country_Code": "USA",
      "Bill_Email": "qwert@gmail.com",
      "Bill_City": "Opelika",
      "check_cc_acct": "************2340",
      "cc_type_desc": "Visa",
      "cc_type": "V",
      "Bill_Last_Name": "",
      "Bill_Zip": 36801
    }
  ],
  "ord_whs_adr1": "1875 S State St",
  "ord_shv_nm": "Ground",
  "ship_to_state": "UT",
  "misc_charges": 0.0,
  "ship_to_zip": "84097-8078"
}