{
  "Payments": [
    {
      "ODP_Bill_Zip": 84003,
      "ODP_CC_Exp": 201601,
      "ODP_CC_Type": "V",
      "ODP_Check_CC_Account": "411111******1111",
      "ODP_Bill_State": "UT",
      "ODP_Bill_City": "american fork",
      "ODP_CC_Name": "testing guy",
      "ODP_Payment_Token": "93073a84-8d5d-4dbf-985d-61c401f3557b",
      "ODP_Bill_Addr3": "",
      "ODP_Bill_Addr1": "183 w 1400 n",
      "ODP_Bill_Addr2": ""
    }
  ],
  "Dist_ID": 1004.0,
  "qerror": "",
  "Payer_Account_ID": 2988007428853125,
  "Test_Mode": ""
}