{
  "ROWCOUNT": 4,
  "COLUMNS": [
    "ID",
    "TITLE",
    "DESCR",
    "START_DT",
    "END_DT",
    "LISTEN_URL"
  ],
  "DATA": {
    "ID": [
      196861,
      196860,
      196856,
      178860
    ],
    "TITLE": [
      "Testing",
      "test%20host",
      "Jake%20Demo",
      "What%20is%20VIP"
    ],
    "DESCR": [
      "",
      "testing",
      "This%20is%20an%20example",
      "This%20WebMeeting%20is%20an%20overview%20of%20the%20InfoTrax%20VIP%20system"
    ],
    "START_DT": [
      "2013/09/12 23:24:00",
      "2013/09/12 23:15:00",
      "2013/09/12 20:03:00",
      "2010/02/17 18:19:13"
    ],
    "END_DT": [
      "2013/09/13 23:24:00",
      "2013/09/13 23:15:00",
      "2013/09/12 20:03:00",
      "2010/02/17 18:19:13"
    ],
    "LISTEN_URL": [
      "http://atomic.myvoffice.com/index.cfm?Fuse=public/Guest&key=%2E%27%20%5F%21WL4%2E%20%3C%27%27DF%27%20%26%3ED%20%0A&ProspectPageID=2858356",
      "http://atomic.myvoffice.com/index.cfm?Fuse=public/Guest&key=%2E%27%20%5F%21WL4%2F%20%3C%27%27DF%27%20%26%3ED%20%0A&ProspectPageID=2858356",
      "http://atomic.myvoffice.com/index.cfm?Fuse=public/Guest&key=%2E%27%20%5F%21WL8%29%20%3C%27%27DF%27%20%26%3ED%20%0A&ProspectPageID=2858356",
      "http://atomic.myvoffice.com/index.cfm?Fuse=public/Guest&key=%2E%27%20%27%2FWL4%2F%20%3C%27%27DF%27%20%26%3ED%20%0A&ProspectPageID=2858356"
    ]
  }
}